season,week,team,conference,logo,games,prior_weight,power_pts,off_pts,def_pts,power_rank,off_rank,def_rank,off_wepa,off_pass_epa,off_rush_epa,off_eckel_rate,off_eckel_rate_oe,def_wepa,def_pass_epa,def_rush_epa,def_eckel_rate,def_eckel_rate_oe,adj_off_rush_epa,adj_def_rush_epa,adj_off_pass_epa,adj_def_pass_epa,off_wepa_rank,off_pass_epa_rank,off_rush_epa_rank,off_eckel_rate_rank,def_wepa_rank,def_pass_epa_rank,def_rush_epa_rank,def_eckel_rate_rank,power_change,rank_change
2025,12,Indiana,Big Ten,https://a.espncdn.com/i/teamlogos/ncaa/500/84.png,11,0,15.640544515485747,11.520882672676482,4.119661842809265,1,1,16,4.869846751774353,0.5412084235061951,0.23495274178957676,0.6028368794326241,0.2560202474055361,-1.3473115007214098,0.08449680706347061,0.007307165709611762,0.32298136645962733,-0.020908748854407584,0.06307820587942312,-0.06049748204983381,0.17609737885133483,-0.06637498105094579,2,2,25,10,13,18,12,6,-0.11500208178151894,1
2025,12,Notre Dame,FBS Independents,https://a.espncdn.com/i/teamlogos/ncaa/500/87.png,10,0,15.516131377306216,8.169904710782884,7.346226666523332,2,7,3,4.5048540929252585,0.434778821667563,0.21288655926169553,0.5652173913043478,0.2219614262323562,-1.2353849448811314,0.10809720649895842,0.05495673575014177,0.4642857142857143,0.12302854381742373,0.04197438034133805,-0.052039408000465304,0.09895909876327386,-0.11454527619323362,5,10,32,20,26,29,30,86,-1.0944475880354858,-1
2025,12,Oregon,Big Ten,https://a.espncdn.com/i/teamlogos/ncaa/500/2483.png,10,0,14.65425097174477,8.926802781296818,5.7274481904479515,3,5,8,4.167365000836393,0.3784189746388156,0.2907368492213736,0.5461538461538461,0.18541282975739437,-1.3156933342914285,0.03138618689785094,0.11260826744437025,0.30714285714285716,-0.050627059854011204,0.11538704453657525,-0.013971306611352484,0.09141707945052187,-0.10244198099183363,7,21,12,23,17,11,61,4,0.4258215314895075,1
2025,12,Ohio State,Big Ten,https://a.espncdn.com/i/teamlogos/ncaa/500/194.png,10,0,12.693699734162786,9.937960504407606,2.7557392297551804,4,3,29,4.829811219534665,0.5793512548800546,0.21947217116775897,0.5434782608695652,0.18792577238456235,-1.7525085846904207,0.09716789371754103,-0.04735713265247375,0.23809523809523808,-0.13079465513347244,0.0530534909337003,-0.06744386935697042,0.18027507032526915,-0.055326288645873065,3,1,28,24,5,22,4,1,-1.664409175686382,-1
2025,12,Texas A&M,SEC,https://a.espncdn.com/i/teamlogos/ncaa/500/245.png,10,0,12.05204679869493,9.266592189118356,2.785454609576574,5,4,28,3.780115929528603,0.36123008972951776,0.18846838993399567,0.5384615384615384,0.17413872262876545,-0.9416819801655728,0.10405223639653577,0.17382381973564934,0.35294117647058826,-0.004172337328038869,0.04948119837450815,0.019369518151138184,0.09651624333500233,-0.049003226815073915,15,30,40,26,52,26,101,18,0.7773734607802343,0
2025,12,Miami,ACC,https://a.espncdn.com/i/teamlogos/ncaa/500/2390.png,10,0,11.331208156260416,4.194168040252687,7.1370401160077295,6,23,4,2.93766627482494,0.35918385855422447,0.14704402374163528,0.4866666666666667,0.1412685736320918,-1.3447302415671174,0.08614943214787198,-0.002264855765313409,0.38953488372093026,0.04905753227832469,0.009180274130415281,-0.078477397638555,0.10826148015615046,-0.11302797036067685,35,31,62,58,14,19,10,32,2.3699053047030585,1
2025,12,James Madison,Sun Belt,https://a.espncdn.com/i/teamlogos/ncaa/500/256.png,10,0,10.77604691615553,5.378068317458565,5.397978598696964,7,15,9,3.3119700625408406,0.2965532840363678,0.26674066174426825,0.528,0.16204724049223626,-1.3123437560241775,0.09972304040532301,0.011071895142890895,0.3488372093023256,-0.010319815012417476,0.08558486049184003,-0.05952232534749796,0.07311841373933867,-0.08357904096815207,23,51,17,32,18,23,13,16,-0.00790598284949695,-1
2025,12,Washington,Big Ten,https://a.espncdn.com/i/teamlogos/ncaa/500/264.png,10,0,10.220541312330624,6.187491309092303,4.03305000323832,8,10,17,4.102356855119868,0.4066782153723431,0.2824441081157561,0.6106194690265486,0.24796408937855652,-1.175868430901837,0.1504240147718298,-0.0010034663619908483,0.4444444444444444,0.07967615451631704,0.06578783861486553,-0.05763916361579385,0.09151224923249637,-0.035623694968337484,10,16,15,9,34,47,11,70,2.7579721526549044,7
2025,12,Toledo,Mid-American,https://a.espncdn.com/i/teamlogos/ncaa/500/2649.png,10,0,9.235433807423261,3.3301951450156686,5.9052386624075925,9,29,7,3.0383781296776924,0.30649819008921764,0.13624320945004315,0.48872180451127817,0.12386286908470599,-1.8711983560421634,-0.03298392553406627,-0.03613883709969502,0.2898550724637681,-0.06768912176504402,-0.01187814643682853,-0.07274704814437663,0.058882631970272076,-0.1304363164303693,32,48,68,55,2,1,6,3,2.4263265979017614,10
2025,12,Utah,Big 12,https://a.espncdn.com/i/teamlogos/ncaa/500/254.png,10,0,9.215931297218079,4.964407060135423,4.251524237082656,10,18,13,3.374217816777539,0.39074996946750656,0.3600411128607495,0.5948275862068966,0.23178751618327084,-0.9574127138359197,-0.027241645600626946,0.13907975230401054,0.4122137404580153,0.05249965626413879,0.14378178525003468,3.665046708327495e-4,0.08536026911799859,-0.1277810680634119,21,18,2,13,48,2,79,42,0.39599937898640114,-2
2025,12,Texas Tech,Big 12,https://a.espncdn.com/i/teamlogos/ncaa/500/2641.png,11,0,9.00615852180372,2.115706908441291,6.890451613362429,11,40,5,2.790176688625022,0.3685340063315054,0.16894557759168868,0.5244755244755245,0.15529730810468326,-1.8600119251000395,0.008978650933786202,-0.0961697253444195,0.2838709677419355,-0.08178878510324812,0.018107968788364504,-0.09698647563187769,0.0701904190216005,-0.11652261132383104,42,27,52,35,3,6,2,2,0.26138316932746797,-2
2025,12,Alabama,SEC,https://a.espncdn.com/i/teamlogos/ncaa/500/333.png,10,0,8.303708563443614,3.413761369712797,4.889947193730817,12,28,10,2.930392258455306,0.38856105160967674,0.019033973958590196,0.5043478260869565,0.15180561898457834,-0.8112758275794423,0.10920127909972505,0.09917260406734711,0.3984375,0.04676078505967855,-0.04577001070460452,-0.027756485663916575,0.08967865536719424,-0.0806503625573693,36,19,128,45,70,30,53,35,0.039293045874996935,0
2025,12,North Texas,American Athletic,https://a.espncdn.com/i/teamlogos/ncaa/500/249.png,10,0,7.865944889467246,8.32855522221133,-0.4626103327440833,13,6,85,4.103850266690861,0.4420481785784176,0.32054503927893263,0.6456692913385826,0.2789778852440074,-0.15646793564765446,0.13662002246647384,0.22858577305422564,0.43703703703703706,0.07392936974817668,0.09999353802774111,0.051371430751808486,0.13705133659878252,-0.027759705517174882,9,7,7,2,127,41,123,63,2.6391465336021325,10
2025,12,Vanderbilt,SEC,https://a.espncdn.com/i/teamlogos/ncaa/500/238.png,10,0,7.639310389345201,11.196835920563085,-3.557525531217885,14,2,118,5.123929736756429,0.4786792850577556,0.3387757342583359,0.5803571428571429,0.21849149121855618,-0.8507722288006982,0.370722657273126,0.07102492195626704,0.509090909090909,0.15591922763347074,0.09663227638998767,-0.027488605372737555,0.1304087591890569,0.11368765855941217,1,5,5,16,62,122,38,110,-0.4682803631254542,0
2025,12,USC,Big Ten,https://a.espncdn.com/i/teamlogos/ncaa/500/30.png,10,0,7.324365320219947,7.522774611091853,-0.19840929087190556,15,8,82,4.252037124683896,0.5038462719064997,0.2521292707392704,0.6909090909090909,0.3404439006555458,-0.5893532184825525,0.1356452322267419,0.1873851756926507,0.45528455284552843,0.10429894324210878,0.04554772606415497,0.02900312089033736,0.13210417350358597,-0.05075335616842076,6,3,20,1,99,39,106,76,-0.8811766622003052,-2
2025,12,South Florida,American Athletic,https://a.espncdn.com/i/teamlogos/ncaa/500/58.png,10,0,7.0055847586622875,3.0360992171026155,3.969485541559672,16,33,18,2.611992060290402,0.3648367695484767,0.20199587546947909,0.5211267605633803,0.1620282061260441,-1.2568548240640816,0.16282368755084264,0.09043209500768357,0.460431654676259,0.105397913392911,0.04217543839949365,-0.0247074076210984,0.11152279520089581,-0.03215591099153796,50,28,34,38,24,51,47,82,0.06022900928674879,2
2025,12,Michigan,Big Ten,https://a.espncdn.com/i/teamlogos/ncaa/500/130.png,10,0,6.306637126335531,3.7522464258168777,2.5543907005186526,17,25,32,2.7829046305771747,0.19745019601012137,0.2875279430967917,0.5284552845528455,0.16255901982003992,-1.2962734970377194,0.17423101902669497,0.05942778253913849,0.4126984126984127,0.044839206649039565,0.09380376113379325,-0.03445869841089254,-0.009809162449223866,-0.0405552416833805,43,78,14,31,21,56,32,44,1.552837671743922,9
2025,12,Nebraska,Big Ten,https://a.espncdn.com/i/teamlogos/ncaa/500/158.png,10,0,6.2357066473522105,5.766227522759826,0.4694791245923844,18,12,65,3.9657767424895787,0.3033853970978297,0.18476801621617547,0.4857142857142857,0.13319478149331065,0.023292064927386568,0.14401521237788262,0.3288641542332584,0.41379310344827586,0.05620820401280003,0.007611120808319992,0.0641829239315282,0.040303756410877155,-0.03617289593163588,13,50,42,59,132,43,136,46,-0.711671890212199,-1
2025,12,Oklahoma,SEC,https://a.espncdn.com/i/teamlogos/ncaa/500/201.png,10,0,5.9731436812049195,-1.41835207824131,7.391495759446229,19,83,2,1.762086651840564,0.16810471797738857,0.07898388912334385,0.45528455284552843,0.09745279133363526,-1.9691500619151716,0.1035687450744397,-0.041642593896554204,0.3283582089552239,-0.02141675792140596,-0.023014910396386846,-0.07315927310171165,-0.04154364823647209,-0.08129000572453376,90,93,100,79,1,25,5,8,-0.8182380949178709,1
2025,12,Georgia,SEC,https://a.espncdn.com/i/teamlogos/ncaa/500/61.png,10,0,5.950961361913911,5.312524257661055,0.6384371042528555,20,17,60,3.1832377278526875,0.419796103245415,0.15073358581018215,0.5398230088495575,0.17882008881683675,-0.9813358380606694,0.23551587490650516,0.03587466975499946,0.36134453781512604,0.0063501838596506455,0.011421468797331132,-0.03281972770373266,0.10877312802626317,-0.01432337653633421,26,12,60,25,47,77,21,21,0.3272680850823537,2
2025,12,BYU,Big 12,https://a.espncdn.com/i/teamlogos/ncaa/500/252.png,10,0,5.93346199508506,2.703065204669164,3.230396790415896,21,37,24,2.8216531795891955,0.30923487049008214,0.2302414129761982,0.5677966101694916,0.22333115150617558,-0.9835156559007675,0.08185208155560084,0.06623038552060362,0.4297520661157025,0.09350426756190146,0.0447175200817964,-0.026446695805741275,0.05663668209639406,-0.08686477939564492,40,46,27,19,46,17,34,59,-0.4588375699861915,0
2025,12,Ohio,Mid-American,https://a.espncdn.com/i/teamlogos/ncaa/500/195.png,10,0,5.832479271494811,5.788079450061494,0.0443998214333169,22,11,73,4.715663135297585,0.33350400338637154,0.21871471854419083,0.41836734693877553,0.06843129984442203,-0.5948836177066804,0.22753109465117471,0.17078751667389527,0.34234234234234234,-0.01221779080875481,0.03201258600883119,0.011039795825344898,0.018635700686420627,0.021548830247978795,4,36,29,95,98,73,100,14,-2.7487221695820994,-12
2025,12,Cincinnati,Big 12,https://a.espncdn.com/i/teamlogos/ncaa/500/2132.png,10,0,5.568075130561111,6.590887881281849,-1.0228127507207385,23,9,91,4.13101595294263,0.41132781794768153,0.31097439036027497,0.49137931034482757,0.11851377118367701,-0.6297423706162956,0.24013155476799664,0.11784559596322043,0.5,0.12676139617223853,0.07826286116949084,-0.0026328281656480346,0.08389906073710461,0.02027592537348119,8,15,8,54,95,80,66,103,-2.7655827109888875,-12
2025,12,Arizona,Big 12,https://a.espncdn.com/i/teamlogos/ncaa/500/12.png,10,0,5.5081127467934605,1.3832655694621694,4.124847177331291,24,50,15,2.1022680294695166,0.19729007277231778,0.18007546483879036,0.5254237288135594,0.15585982939545445,-0.9489676816983498,0.1113442272728332,0.1252240583301777,0.4122137404580153,0.05560093708129738,0.011941884118355933,0.008329646215229837,-0.0013367274385099794,-0.042671474182508225,71,79,45,34,51,31,69,42,2.27933840932046,13
2025,12,Old Dominion,Sun Belt,https://a.espncdn.com/i/teamlogos/ncaa/500/295.png,10,0,5.267568813391849,2.76730590413559,2.5002629092562585,25,36,33,3.2294193456987674,0.43954490036822597,0.13286144051963453,0.47058823529411764,0.10548639609435125,-0.741080032528998,0.04178237718133898,0.04380163601777155,0.3188405797101449,-0.052078937513020805,-0.013895191399562986,-0.051748679116367845,0.0811728012935743,-0.09346041593662652,24,9,69,69,78,14,24,5,0.35357365457865164,-1
2025,12,San Diego State,Mountain West,https://a.espncdn.com/i/teamlogos/ncaa/500/21.png,10,0,4.8028340573861765,-1.151618578458668,5.954452635844845,26,79,6,1.8887376145361072,0.1137763963719772,0.19749751257265738,0.40458015267175573,0.04519719979806711,-1.7786309881621132,0.0046553050597350435,0.045163763324885565,0.3402777777777778,-0.013305763549650166,0.015679653465439824,-0.051682662129903835,-0.07578195844729554,-0.09548169359398365,84,118,35,103,4,5,25,13,0.7395662550861761,5
2025,12,SMU,ACC,https://a.espncdn.com/i/teamlogos/ncaa/500/2567.png,10,0,4.121992660360244,-0.02623354629089756,4.148226206651142,27,63,14,2.1239320140225324,0.32569109182305755,0.11452242233541095,0.44680851063829785,0.09491623404306422,-1.342835176520918,0.1322358977408848,-0.0030902811586255414,0.42857142857142855,0.06275596404777788,-0.013383484663861635,-0.062163670498601095,0.0602164560943495,-0.04182832468206869,70,38,80,84,15,37,9,57,0.25134936934112106,5
2025,12,Tennessee,SEC,https://a.espncdn.com/i/teamlogos/ncaa/500/2633.png,10,0,4.056656300854664,4.951521521399296,-0.8948652205446315,28,19,87,3.7347149029113145,0.39863920580899775,0.26066624548514206,0.5859375,0.25046697201802565,-0.658152088400998,0.17148607857734494,0.1084666692091032,0.49242424242424243,0.1529067613662289,0.060151482638255996,-0.012694344078532906,0.08645215999514509,-0.020604774225407716,16,17,18,15,92,55,58,98,-0.8331283042192039,-3
2025,12,Navy,American Athletic,https://a.espncdn.com/i/teamlogos/ncaa/500/2426.png,10,0,3.877685002275731,5.468244224506821,-1.5905592222310894,29,13,95,3.943594552258658,0.36883871761614484,0.3749641411507488,0.6283185840707964,0.25188637400265246,-0.8451982284116881,0.36618116964555547,0.15950913307568823,0.48,0.11737225748533356,0.14238652245780567,0.015599224549341316,0.013498581122167772,0.10217125239357656,14,26,1,5,66,121,92,93,-0.21226145414442588,1
2025,12,Ole Miss,SEC,https://a.espncdn.com/i/teamlogos/ncaa/500/145.png,11,0,3.829732784420658,3.2322271993951412,0.5975055850255168,30,32,61,3.154120654761844,0.42751418317968143,0.18456021514334367,0.6149068322981367,0.2576865827574631,-0.46262440278829225,0.11609115690543143,0.14116349683924434,0.4294478527607362,0.0733677857412229,0.03768929351312991,0.00648974007405891,0.092333637852627,-0.05660413613763979,28,11,43,7,109,32,82,58,-0.6764048534088856,-2
2025,12,Penn State,Big Ten,https://a.espncdn.com/i/teamlogos/ncaa/500/213.png,10,0,3.6603997537658577,1.0059912268612814,2.654408526904576,31,52,31,2.2119284107849486,0.18875850350515472,0.19335730281879257,0.4787234042553192,0.11142766670228711,-1.1278810172596156,0.12961247601185488,0.16444464912536302,0.4056603773584906,0.050373382538026014,0.020979437355162774,0.017856259649327612,0.010729282707637313,-0.0572116222426819,64,85,36,64,36,36,94,40,1.3406860701631538,17
2025,12,Florida State,ACC,https://a.espncdn.com/i/teamlogos/ncaa/500/52.png,10,0,3.608637039528814,3.629086028457569,-0.020448988928754897,32,26,76,3.4064000921767055,0.38412135277146403,0.30213653619746267,0.6388888888888888,0.2863835302409901,-1.1809420455391628,0.20837797226290533,0.07605484875425735,0.375,0.0239683149680203,0.08791007354468551,-0.0024600410829126195,0.07488381453922327,-0.003230834955230489,20,20,9,3,33,69,42,26,-0.7648246299748678,-3
2025,12,NC State,ACC,https://a.espncdn.com/i/teamlogos/ncaa/500/152.png,10,0,3.5264248768014337,5.320176355470462,-1.793751478669028,33,16,98,3.557167296433065,0.37554730000640574,0.12529825030742472,0.4626865671641791,0.10678067965970833,-0.7464222429996202,0.2755019090795715,0.13220380644223956,0.536,0.17806369928754306,0.0072102128087621516,-0.001269766361295552,0.07927432335516692,0.048441105829059264,18,23,74,74,76,92,75,122,-3.874649146749282,-17
2025,12,Wake Forest,ACC,https://a.espncdn.com/i/teamlogos/ncaa/500/154.png,10,0,3.22024333787419,-4.481329406084803,7.701572743958993,34,119,1,1.128788784391073,0.18388493495634692,0.15164139878828076,0.38345864661654133,0.0425914696504252,-1.632157459973907,0.04025393206011542,0.03313934508915477,0.38848920863309355,0.04510799987628602,0.008165019060202077,-0.05148813948120285,-0.05218257903270882,-0.10389718737922311,117,87,59,114,7,13,19,30,-0.39533037976033647,0
2025,12,Missouri,SEC,https://a.espncdn.com/i/teamlogos/ncaa/500/142.png,10,0,3.1575567388281383,-0.2410137448283149,3.398570483656453,35,67,20,2.712146650267819,0.24649884733307353,0.2907973865525134,0.5206611570247934,0.16310192439890295,-1.3781972162961824,-2.556219974607611e-4,0.06863534614852312,0.36,-0.003879301666507984,0.08955446400329264,-0.01591604231900853,-0.05149547606933166,-0.0926886522191481,46,67,11,39,12,4,36,20,0.8057735739162184,12
2025,12,Louisville,ACC,https://a.espncdn.com/i/teamlogos/ncaa/500/97.png,10,0,3.035920555915787,-0.2841125392650417,3.320033095180829,36,70,23,2.0498645980032886,0.13807456232988397,0.24068542027186263,0.448,0.09032733401839031,-1.1177344657190798,0.02578487494025974,0.10403087430799146,0.3383458646616541,-0.01591926136929211,0.07127818143508993,-0.006268841406553439,-0.05769466669862332,-0.08227623417154414,73,105,24,81,37,9,55,11,2.0344485443885967,26
2025,12,UTSA,American Athletic,https://a.espncdn.com/i/teamlogos/ncaa/500/2636.png,10,0,2.7013225260240263,3.2511834477884722,-0.5498609217644457,37,31,86,3.030342388816614,0.31315056303148336,0.17374918065937378,0.48854961832061067,0.1213983252407445,-0.8432289283199047,0.2377468713752664,0.0850736863754563,0.41911764705882354,0.0620498319465886,-0.002461460888371072,-0.003212046286920421,0.045786837407216306,0.01336589823680492,33,42,51,56,68,78,43,50,-0.48938946787520976,1
2025,12,TCU,Big 12,https://a.espncdn.com/i/teamlogos/ncaa/500/2628.png,10,0,2.6431977966076445,1.101139030093388,1.5420587665142564,38,51,45,2.575164324100612,0.3474998274131723,0.0813196721407509,0.4957983193277311,0.13808854183212857,-1.1148739227496414,0.3025802666758166,0.01216236933226446,0.46551724137931033,0.10718533484363697,-0.05199604388412874,-0.05009642232475559,0.03699167123139086,0.03131255799177707,52,32,98,51,38,104,14,88,0.40428336500263873,11
2025,12,Pittsburgh,ACC,https://a.espncdn.com/i/teamlogos/ncaa/500/221.png,10,0,2.5644257835094706,-1.77443329051059,4.3388590740200605,39,90,11,2.1296900966505303,0.2908035914252245,0.07302210275516922,0.5072463768115942,0.1469255494614062,-1.7167632732742195,0.19785277892266395,-0.06446737196277048,0.3401360544217687,-0.01266872637725733,-0.028961774161347407,-0.0797878376135,-0.002787871828196304,-0.030521410613512188,69,53,103,44,6,64,3,12,-0.3516029925823658,1
2025,12,Arkansas,SEC,https://a.espncdn.com/i/teamlogos/ncaa/500/8.png,10,0,2.436695020429974,5.440310696362991,-3.0036156759330166,40,14,110,4.054185295700175,0.31906713049315194,0.34604619656276514,0.5963302752293578,0.25116713190939,-0.09401218329005738,0.39925549036484004,0.20365899243259195,0.5398230088495575,0.198680317218182,0.11580794050194862,0.017156757561695875,0.020863139374938548,0.0773155486028908,11,39,4,11,130,127,113,124,0.33867143713901227,12
2025,12,Texas,SEC,https://a.espncdn.com/i/teamlogos/ncaa/500/251.png,10,0,2.387112430806768,-0.972212616107111,3.359325046913879,41,78,22,1.9053721951785323,0.28574512802422936,0.04474169881770221,0.4672131147540984,0.09668451996647086,-1.3944156272592536,0.15986361333578064,0.018633873061878935,0.36923076923076925,0.007394058388963547,-0.05851195860233722,-0.059285166991295844,0.027891554938204145,0.0023726213028030544,83,55,119,73,11,49,16,23,-0.6869366534116947,-2
2025,12,Iowa,Big Ten,https://a.espncdn.com/i/teamlogos/ncaa/500/2294.png,10,0,2.1710851054927005,-1.2233827607253143,3.3944678662180148,42,80,21,1.9768470448759379,0.18958312138821176,0.19115610190428645,0.47058823529411764,0.0993797832875741,-0.847173736582155,0.1364389073191112,0.039875255482653284,0.3275862068965517,-0.03130342908796293,0.029820633334990056,-0.04350372513206341,-0.028015250600571907,-0.06464838421114287,77,84,39,69,64,40,22,7,-0.051698157751958185,8
2025,12,UConn,FBS Independents,https://a.espncdn.com/i/teamlogos/ncaa/500/41.png,11,0,2.1253735620303758,4.254075335418095,-2.1287017733877196,43,22,100,4.044210133618892,0.37402061857896945,0.29630135904225874,0.5725190839694656,0.20083226840468907,-0.1929639539379126,0.18060969526819323,0.20669531421122528,0.45588235294117646,0.09365623579555393,0.04794304274614938,0.03953326420912572,0.04647407632602235,-0.009008271255279584,12,24,10,18,124,58,115,77,-1.7371912538007908,-10
2025,12,Arizona State,Big 12,https://a.espncdn.com/i/teamlogos/ncaa/500/9.png,10,0,2.121164681666408,0.41621760375220107,1.704947077914207,44,59,40,2.223056175005268,0.21092666282988248,0.15305141921226398,0.4409448818897638,0.098995620985738,-0.846465213639509,0.16616352809218532,0.11670123151517049,0.4409448818897638,0.07868727544598049,0.006638457018657575,-0.01936359041908338,-0.009968685969959054,-0.02326168215126793,62,75,57,89,65,52,64,67,0.2766585337018752,10
2025,12,Central Michigan,Mid-American,https://a.espncdn.com/i/teamlogos/ncaa/500/2117.png,10,0,2.1010855623204923,0.7586713656935464,1.3424141966269458,45,53,48,2.5429311123008373,0.44046372719261556,0.05885569827175753,0.3706896551724138,0.015983610872019324,-1.3011286072402082,0.030185742120451622,0.16656658149596743,0.4628099173553719,0.09660481306860326,-0.05848754731368111,0.03690552305770531,0.11885263957641659,-0.11532586783247485,54,8,113,118,19,10,95,85,0.8569897107590616,15
2025,12,Jacksonville State,Conference USA,https://a.espncdn.com/i/teamlogos/ncaa/500/55.png,10,0,2.0722632865828454,1.7254258468242827,0.34683743975856274,46,46,69,2.7519169735587625,0.1393670392786069,0.2889743965173557,0.3983050847457627,0.04113467127803219,-0.6799888148684874,0.19201075809068244,0.11212213641636014,0.41935483870967744,0.05660379975853216,0.06427689156399906,0.007967453743168014,-0.019964818573814047,-5.901506802064504e-5,44,103,13,106,87,62,60,51,-0.5257497218699689,-4
2025,12,Auburn,SEC,https://a.espncdn.com/i/teamlogos/ncaa/500/2.png,10,0,2.037003282652011,-0.19524848190748142,2.2322517645594924,47,66,35,2.2008504996708766,0.07384476469103148,0.25142675326140296,0.44339622641509435,0.0830233433857774,-1.5665145986370155,0.29322800516750486,-0.10386776601706237,0.4594594594594595,0.09457556065146606,0.06497694405168855,-0.12878756898215038,-0.07786813000904202,0.029678855248282072,65,124,21,87,8,98,1,81,0.19553575893183028,8
2025,12,Clemson,ACC,https://a.espncdn.com/i/teamlogos/ncaa/500/228.png,10,0,1.9987288578313027,0.3539671092255201,1.6447617486057826,48,60,43,1.9235126380195495,0.24466174724416417,0.11510583954859249,0.46774193548387094,0.10739470284335054,-0.731638740049706,0.19675312537074507,0.09250433927597741,0.424,0.06679085468729208,-0.002309788749661424,-0.0060410955530854436,0.01974879998947226,-0.018386566144139856,82,68,79,72,79,63,49,55,-1.3997658818772272,-12
2025,12,Missouri State,Conference USA,https://a.espncdn.com/i/teamlogos/ncaa/500/2623.png,10,0,1.914489543463723,2.9099412482261586,-0.9954517047624357,49,35,89,2.8150657031330284,0.3284415619612896,0.0780616224409774,0.39166666666666666,0.019447287184314096,-0.5220344376639321,0.29910260369196184,0.19341919426474727,0.40336134453781514,0.034847086074312354,-0.02485965715905932,0.02694051464072966,0.05932553948849017,0.020603082913117753,41,37,101,111,102,101,109,39,-0.5800632023073988,-4
2025,12,Illinois,Big Ten,https://a.espncdn.com/i/teamlogos/ncaa/500/356.png,10,0,1.8717415994407054,1.960574334500728,-0.08883273506002266,50,43,77,3.1484684071456,0.4164406843258267,0.11291800326031802,0.5963302752293578,0.2374741949630612,-0.5619704635152655,0.30155990966537627,0.09424724654659185,0.48214285714285715,0.12993320903249386,-0.033617092012918945,-0.036702757043335275,0.0971910276873265,0.03186633334677113,29,13,81,11,100,103,51,95,-0.6484319195487795,-6
2025,12,Fresno State,Mountain West,https://a.espncdn.com/i/teamlogos/ncaa/500/278.png,10,0,1.854983974767935,-2.407391430682505,4.26237540545044,51,98,12,1.8687898858784235,0.22642609366700653,0.06697157498749988,0.4132231404958678,0.048609298686136095,-1.0586810668930335,0.10596044909100268,0.1099826675468592,0.3524590163934426,-0.0032515803149046805,-0.05917905802740997,0.008465069128959772,-0.042076481961580064,-0.08317605137617727,85,72,107,99,41,27,59,17,-0.7340958984456969,-8
2025,12,Hawai'i,Mountain West,https://a.espncdn.com/i/teamlogos/ncaa/500/62.png,10,0,1.8161466601486405,1.4450072291473433,0.37113943100129715,52,48,67,2.2806050672216287,0.2921646329717524,0.09245413427767936,0.4918032786885246,0.1221338491889603,-0.6673145044005052,0.2451110542941324,0.15692753847347873,0.4566929133858268,0.08707024067859548,-0.03267035190605388,0.01955278936008667,0.04140523761135401,0.019198630164545212,60,52,88,52,90,83,91,78,0.26388329393290344,7
2025,12,Houston,Big 12,https://a.espncdn.com/i/teamlogos/ncaa/500/248.png,10,0,1.7849351557322,0.4877464657554148,1.297188689976785,53,57,49,1.9765374098178539,0.31016278525480717,0.0035983846894109997,0.5230769230769231,0.14093908809113956,-1.1820877441448991,0.16863754480219795,0.0749387240026676,0.3888888888888889,0.019860740309370566,-0.06930079669336307,0.010243397657769089,0.027278639692309058,-0.008662316139533888,78,44,130,36,32,53,41,31,0.1588857910364263,5
2025,12,Boise State,Mountain West,https://a.espncdn.com/i/teamlogos/ncaa/500/68.png,10,0,1.7042453743267245,-0.12428681029990044,1.828532184626625,54,65,38,2.0042729983139957,0.23583500827652612,0.11991363611964737,0.5116279069767442,0.1590881963927092,-0.8478173135740297,0.013461784079995107,0.21961406734171354,0.38636363636363635,0.03642018885352573,-0.005821567364459181,0.04736739024605032,0.015288343558403611,-0.12395382002422446,76,69,76,41,63,7,118,28,-0.03949183499310438,3
2025,12,Southern Miss,Sun Belt,https://a.espncdn.com/i/teamlogos/ncaa/500/2572.png,10,0,1.640550781050444,-0.27669146896553637,1.9172422500159805,55,69,37,2.1444549241964617,0.2521180510903412,0.1167620930254278,0.47101449275362317,0.13812727944732073,-0.8759301270709462,0.03240979429992259,0.22252673609106513,0.43703703703703706,0.10698047626552959,-0.02029083063111863,0.04326936472644438,-0.00991831985481487,-0.06491193915743006,66,63,77,68,60,12,121,63,-1.2438234703292146,-14
2025,12,Western Kentucky,Conference USA,https://a.espncdn.com/i/teamlogos/ncaa/500/98.png,10,0,1.579835545478824,-0.7130238139986967,2.2928593594775206,56,75,34,2.095254831330994,0.278057006823928,0.14865023053268644,0.416,0.05194862556120379,-0.674480205179655,0.10708486272089987,0.1309897979786836,0.4076923076923077,0.0449677438859125,0.011063958025028235,0.002893673742792624,0.020285351944800765,0.002714223253446197,72,57,61,98,88,28,74,41,-0.522115312879289,-5
2025,12,East Carolina,American Athletic,https://a.espncdn.com/i/teamlogos/ncaa/500/151.png,10,0,1.4362322587278809,-0.05510006539175738,1.4913323241196383,57,64,46,2.3568128199096403,0.3372932151805042,0.11161736466902052,0.4715447154471545,0.1081332711175402,-1.5420976895637866,0.11815789013985321,-0.02437647362241469,0.3712121212121212,0.0037649823309860867,0.005552417577111836,-0.05356968887296308,0.029067253146737526,-0.040629158395558876,57,34,82,67,9,33,7,24,2.5597194535221455,21
2025,12,Mississippi State,SEC,https://a.espncdn.com/i/teamlogos/ncaa/500/344.png,11,0,1.3808143459539264,0.6369040273057215,0.7439103186482048,58,56,57,2.3373221647784352,0.22383293754429717,0.14597709797126696,0.4726027397260274,0.11127164309656334,-0.40700231349197546,0.2302411617264179,0.1946931187513903,0.47586206896551725,0.1181527608594107,-0.010366289920915716,0.05573842768378504,0.0011946371306793856,-0.009819241252035964,58,73,63,66,114,76,110,92,-0.4247850443586323,-2
2025,12,Georgia Tech,ACC,https://a.espncdn.com/i/teamlogos/ncaa/500/59.png,10,0,1.3733846972603279,4.843807825078614,-3.4704231278182864,59,20,116,3.1219262785286177,0.4513765794110952,0.2419969873075011,0.6206896551724138,0.26784974176281,-0.4138461535790424,0.31020050768577984,0.13825000769402984,0.5245901639344263,0.1752337218616388,0.06430742963712431,0.02025914667144348,0.1290254255245841,0.07499424956019264,30,6,23,6,113,107,78,118,-2.1127868991115517,-24
2025,12,LSU,SEC,https://a.espncdn.com/i/teamlogos/ncaa/500/99.png,10,0,1.1929997191570436,-1.8898303911358316,3.0828301102928752,60,92,25,2.013701352664412,0.2354005090002109,0.08938337035483203,0.5344827586206896,0.17820268174537585,-0.8805613896254676,0.15484198156882295,0.10132738143263699,0.42016806722689076,0.06874237676481168,-0.021932284197246892,-0.012961303898882618,-0.02084622429958676,-0.042777426415154154,75,70,91,28,58,48,54,52,-1.1875839468712757,-14
2025,12,Texas State,Sun Belt,https://a.espncdn.com/i/teamlogos/ncaa/500/326.png,10,0,0.9283456946406803,3.474693027092835,-2.5463473324521546,61,27,103,3.172139789924966,0.31828410773269844,0.2803740750125972,0.5615384615384615,0.22183010739441572,-0.9549559804416384,0.31210157342818473,0.08649143179283085,0.5289256198347108,0.17423895241603315,0.08186799626105849,-0.02466344201435555,0.0748848488255019,0.04359583761187757,27,41,16,21,50,109,44,119,1.3663608626118373,7
2025,12,Duke,ACC,https://a.espncdn.com/i/teamlogos/ncaa/500/150.png,10,0,0.9147631667473268,4.420870042282617,-3.5061068755352904,62,21,117,3.513074704178068,0.37699111497681764,0.14309066042877105,0.6134453781512605,0.2516093673648845,-0.6813734271393174,0.3981064056613878,0.09472786538662878,0.5190839694656488,0.17267636541063536,-0.007964809584282315,-0.004227209380010233,0.07830471427664593,0.08781761270549215,19,22,64,8,86,126,52,114,-3.634256324899753,-35
2025,12,Virginia,ACC,https://a.espncdn.com/i/teamlogos/ncaa/500/258.png,11,0,0.7931141440491847,-2.235446721711621,3.028560865760806,63,93,27,1.809962255169373,0.18836730202514856,0.1836826593692499,0.4609375,0.1156293305515283,-0.6902756819368729,0.09017898926947499,0.10821470458865352,0.3356643356643357,-0.005305112017944322,0.012072434982452026,-0.024230562685444424,-0.016194100601432334,-0.09873224869912677,88,86,44,75,85,20,57,10,2.4754740890866693,19
2025,12,Kentucky,SEC,https://a.espncdn.com/i/teamlogos/ncaa/500/96.png,10,0,0.7352230146218932,-0.4542240412407545,1.1894470558626478,64,72,50,1.832620902926296,0.19630264442423898,0.1420637235226227,0.4818181818181818,0.1185566083018567,-0.9563949796653427,0.20366427384738997,0.07360740228489962,0.45454545454545453,0.10175083033784786,0.009828891376695993,-0.014530133454354595,-0.008200174870115795,-0.017571466008545044,87,80,65,63,49,66,40,75,0.4261299018622706,1
2025,12,Tulane,American Athletic,https://a.espncdn.com/i/teamlogos/ncaa/500/2655.png,10,0,0.7225057473749039,1.698843226168634,-0.97633747879373,65,47,88,2.481484117128617,0.3357085639721543,0.08970393802685575,0.49586776859504134,0.12632637867596222,-0.6578502946295012,0.2900397431661507,0.13405290093677827,0.5564516129032258,0.1943574812720069,-0.008904714706904526,-0.022716488858760875,0.094027317230937,0.041457308527385356,56,35,90,50,93,96,77,129,-1.248194765986354,-12
2025,12,Marshall,Sun Belt,https://a.espncdn.com/i/teamlogos/ncaa/500/276.png,10,0,0.6050714720302908,0.711253286911949,-0.10618181488165819,66,55,79,2.590176625243792,0.3615452828462402,0.04551995311863743,0.42735042735042733,0.06702195325327526,-1.1893064334090429,0.33809107845973946,0.07034726668895155,0.4621212121212121,0.12043056447144468,-0.06672830855056777,-0.045359863463555736,0.06794054885791957,0.04605630385626316,51,29,118,92,30,115,37,83,3.786915761633945,34
2025,12,Iowa State,Big 12,https://a.espncdn.com/i/teamlogos/ncaa/500/66.png,10,0,0.4937099786839099,0.08991060941343688,0.40379936927047305,67,62,66,2.673389412924417,0.26592091808547796,0.17690510702606407,0.5865384615384616,0.23312327334555735,-1.0114867732746977,0.25682278377608064,0.04354973815331891,0.45794392523364486,0.11427063096197562,0.02770978995522738,-0.03451034571539581,-0.01930291052019417,0.030385564556028772,48,58,49,14,45,87,23,79,0.03378913051550286,-3
2025,12,Utah State,Mountain West,https://a.espncdn.com/i/teamlogos/ncaa/500/328.png,10,0,0.39114909189887176,0.2542309163964741,0.13691817550239765,68,61,71,2.6660781265226765,0.2631364059312205,0.18795973989332174,0.45112781954887216,0.08704978905215947,-0.42923825977956237,0.2389210110633542,0.2431961237647333,0.49635036496350365,0.13224237672555372,0.024421844386260765,0.04615097157175395,0.013623606773226384,-0.0010170360005327087,49,60,41,80,112,79,127,102,2.2557775980429873,18
2025,12,California,ACC,https://a.espncdn.com/i/teamlogos/ncaa/500/25.png,10,0,0.3903213306699641,-0.5088439954817708,0.899165326151735,69,73,55,1.7686464909801851,0.20402023071139028,0.06399462735750949,0.4166666666666667,0.057573923975667726,-0.7462560080546009,0.092729787144762807,0.20932527693643507,0.49586776859504134,0.13124350181985509,-0.04816234688159972,0.05231182822243035,-0.019251602689855055,-0.05641754880492252,89,77,109,97,77,21,117,100,0.38240002873942525,-3
2025,12,Kansas State,Big 12,https://a.espncdn.com/i/teamlogos/ncaa/500/2306.png,10,0,0.16426921556273988,-1.6062385704996285,1.7705077860623684,70,86,39,2.0342494035065664,0.2589750630505192,0.0822101317534872,0.4247787610619469,0.0671696592782897,-0.7662062460170646,0.1450428336003433,0.14447184687350922,0.46218487394957986,0.10449769059196992,-0.021489422596516834,0.014058248199204414,-0.003386571884391837,-0.053437906834453576,74,61,97,93,73,44,85,84,-0.453482321783962,-7
2025,12,Washington State,Pac-12,https://a.espncdn.com/i/teamlogos/ncaa/500/265.png,10,0,-0.029375689682946904,-1.4906540094812297,1.4612783197982828,71,85,47,1.5227660205893587,0.213823589748203,0.0839872388938739,0.4186046511627907,0.07348281602371332,-0.8529728224957036,0.1201171166716732,0.11318213968114715,0.4188034188034188,0.07070545274287027,-0.005314634206363918,-0.015820092127819124,-0.004400675960052846,-0.08227822824840196,101,74,95,94,61,34,62,49,0.9063768094958624,3
2025,12,Florida,SEC,https://a.espncdn.com/i/teamlogos/ncaa/500/57.png,10,0,-0.03656709988470608,-1.741488162976713,1.7049210630920069,72,89,41,1.6092175844977055,0.11921404542424116,0.12135050906092226,0.39473684210526316,0.04054441105714721,-1.1946111367841687,0.24372187108512108,0.0904233998685525,0.42201834862385323,0.056740230364956186,-0.007181279641246478,-0.006670198990383709,-0.05031371969353036,-0.007203868894209857,98,116,75,110,29,82,46,53,0.7384113753627752,0
2025,12,San José State,Mountain West,https://a.espncdn.com/i/teamlogos/ncaa/500/23.png,10,0,-0.04944836917529072,3.0254770026035747,-3.0749253717788654,73,34,112,2.921029750271066,0.2865405439668031,0.21592070730760107,0.47540983606557374,0.10613918576783966,-0.6165616162657422,0.4441786288799548,0.12011644757705227,0.5377358490566038,0.1700562032035373,0.04115484121729809,0.011728206578960218,0.021931247245615796,0.1237905860371414,37,54,30,65,97,132,67,123,-1.2254035532152474,-12
2025,12,Colorado,Big 12,https://a.espncdn.com/i/teamlogos/ncaa/500/38.png,10,0,-0.2983846827582436,-0.8257064461229398,0.5273217633646962,74,76,63,1.9462275402556335,0.1943153020706754,0.0871825990688335,0.43333333333333335,0.07710799643866209,-0.6447068540129801,0.3107012681002181,0.14198560271027572,0.5045871559633027,0.14919606876891287,-0.033047326148390205,0.00815544439997524,-0.028315259423599023,0.026993532615324608,79,82,93,91,94,108,84,107,0.2710117263958738,-3
2025,12,Army,American Athletic,https://a.espncdn.com/i/teamlogos/ncaa/500/349.png,9,0,-0.6460935959206923,-0.8668450201012705,0.22075142418057828,75,77,70,2.496583594192173,0.4130806336510619,0.17659967192001924,0.5274725274725275,0.1598149777316713,-0.6925179947430369,0.2950818484198133,0.10650447571536885,0.5,0.13569081030056818,-0.006909873112372414,-0.020930436300773198,0.029707709092914918,0.0365690613294011,55,14,50,33,84,99,56,103,0.3254010042580141,0
2025,12,Western Michigan,Mid-American,https://a.espncdn.com/i/teamlogos/ncaa/500/2711.png,10,0,-0.7947503244507885,-1.6522140949368378,0.8574637704860493,76,87,56,1.6534994090578126,0.12015417201671304,0.11635918631322616,0.4424778761061947,0.0906236475578982,-0.7626533423458017,-0.022505826410333215,0.15689199385553684,0.33070866141732286,-0.01819742458468052,-0.027821193709487,0.009590872311761226,-0.03901334640254259,-0.07281485238731626,96,115,78,88,74,3,90,9,1.7464865062576718,18
2025,12,Kansas,Big 12,https://a.espncdn.com/i/teamlogos/ncaa/500/2305.png,10,0,-1.004229802114465,2.0173995339682635,-3.0216293360827287,77,42,111,2.912005171183413,0.3394389508092587,0.1659000707355558,0.5225225225225225,0.1530976036869025,-1.1351590265317477,0.2705667546521085,0.14881462307862878,0.42201834862385323,0.05894143131883985,0.0257200152363826,0.03587802286889161,0.042033902696001775,0.03487320852763407,38,33,53,37,35,90,86,53,0.31029491992411007,3
2025,12,Wyoming,Mountain West,https://a.espncdn.com/i/teamlogos/ncaa/500/2751.png,10,0,-1.1558664218530619,-3.892460892017659,2.7365944701645972,78,113,30,1.2159388365953958,0.11369936350996199,0.07974430704849324,0.3305084745762712,-0.02203149563873813,-1.0885591984200342,0.017988431889232787,0.13340316258719068,0.38461538461538464,0.024674737258651443,-0.03782881743249989,-0.003819727847673688,-0.07708104742126527,-0.06697097813156253,114,119,99,127,39,8,76,27,0.6054279281091619,6
2025,12,Temple,American Athletic,https://a.espncdn.com/i/teamlogos/ncaa/500/218.png,10,0,-1.1859151190069697,2.3754224594934588,-3.5613375785004284,79,38,119,3.3443166019891573,0.37355994505118906,0.06353779215972957,0.47,0.10670564356784627,-0.4606334971045846,0.22902098528494425,0.22226216856567202,0.4811320754716981,0.12922821854696734,-0.045819067359020374,0.05403447494840675,0.03315382492742277,0.034084804643593515,22,25,111,71,110,75,120,94,0.09294981947492298,0
2025,12,Kennesaw State,Conference USA,https://a.espncdn.com/i/teamlogos/ncaa/500/338.png,10,0,-1.3461713128814434,-1.8200005303603435,0.4738292174789,80,91,64,1.3984319029470067,0.1346062213486013,0.13123147559708873,0.48484848484848486,0.1356623984978364,-0.7103785477252307,0.20716050676213135,0.17468043979046366,0.45864661654135336,0.11772096694581984,0.017970248500942365,0.02901464687367668,-0.037828647369232325,0.018125331986977886,108,109,71,61,83,67,102,80,1.2799372403544735,16
2025,12,North Carolina,ACC,https://a.espncdn.com/i/teamlogos/ncaa/500/153.png,10,0,-1.42889760725101,-3.48131767342159,2.05242006617058,81,112,36,0.8149857161444377,0.12974055977664198,0.03725742824092179,0.36936936936936937,0.014627867504541646,-1.3003294785552317,0.176826859618967,0.09393437635089037,0.4017857142857143,0.05182624238433359,-0.06251776826326662,0.013647951045526028,-0.031888544563183845,-0.02675385705031015,126,111,126,119,20,57,50,36,1.4685107206355812,17
2025,12,Delaware,Conference USA,https://a.espncdn.com/i/teamlogos/ncaa/500/48.png,10,0,-1.5085281987596715,-2.5259030228928507,1.0173748241331793,82,100,53,2.1329644924826154,0.2857089408599128,0.08982052901082736,0.4918032786885246,0.12923958908780375,-0.929567608212606,0.13355758601865558,0.22486939151299584,0.4642857142857143,0.09799460548979502,-0.041333547116343565,0.042882745418871555,0.01027632744169168,-0.011217608061354767,67,56,89,52,54,38,122,86,0.3555106199761606,3
2025,12,Louisiana Tech,Conference USA,https://a.espncdn.com/i/teamlogos/ncaa/500/2348.png,10,0,-1.528089001370998,-4.575689841858353,3.0476008404873554,83,121,26,0.8912465179366117,0.1553168872499723,0.11143296778764905,0.36507936507936506,0.00654689931975347,-1.274986385597458,0.05392719421678926,0.03125166703958816,0.3533834586466165,-0.004914264263242578,-0.005381681771593892,-0.026005487914481415,-0.035951094498184455,-0.06477314788546659,123,97,83,120,23,15,18,19,-0.2088333646244842,-2
2025,12,Coastal Carolina,Sun Belt,https://a.espncdn.com/i/teamlogos/ncaa/500/324.png,10,0,-1.5549120645008745,1.8686294718075007,-3.423541536308375,84,44,115,2.700145782190368,0.14028506289789006,0.16120025061609417,0.29411764705882354,-0.05295530756928727,-0.09445364618400047,0.228485632386913,0.25120463750367905,0.3467741935483871,0.0034158531961726566,0.02772533629585655,0.0741393656893152,-0.016508965993145913,0.0052763084692109335,47,102,54,133,129,74,129,15,-0.4932865450634407,-8
2025,12,UCLA,Big Ten,https://a.espncdn.com/i/teamlogos/ncaa/500/26.png,10,0,-1.7515044160869468,-1.6522385825940298,-0.09926583349291697,85,88,78,1.432862376155756,0.0891373620412957,0.25313366708671525,0.3958333333333333,0.029213150499073852,-0.16621805754427277,0.3491452732690766,0.24922859700172337,0.5638297872340425,0.1861227827239731,0.04549768210550968,0.046176910264912975,-0.048150708735208964,0.027160809988100745,107,122,19,109,126,118,128,131,0.74609744751807,8
2025,12,Air Force,Mountain West,https://a.espncdn.com/i/teamlogos/ncaa/500/2005.png,10,0,-1.9436263932383522,3.989513760355482,-5.933140153593834,86,24,132,3.614035041346941,0.5012176885009342,0.24911509199410756,0.58,0.22240017494028233,0.08335542513597197,0.5561683053865102,0.29500855339658344,0.5825242718446602,0.22582539694746503,0.03837637322867253,0.07703011817415442,0.07575355760734116,0.1367263690701459,17,4,22,17,135,136,133,134,0.49831993087988025,6
2025,12,South Alabama,Sun Belt,https://a.espncdn.com/i/teamlogos/ncaa/500/6.png,10,0,-2.0356582909090446,0.4508175563250936,-2.4864758472341384,87,58,102,2.558856502076274,0.23523968118287522,0.19229108770618172,0.5098039215686274,0.1672183227422633,-0.4334910423343007,0.33206020539424247,0.1675969972995713,0.4536082474226804,0.10212072889680408,0.02711828881001681,1.393876085744983e-4,-0.00388495493084485,0.05550744699631896,53,71,37,42,111,111,96,74,1.735568187489931,16
2025,12,New Mexico,Mountain West,https://a.espncdn.com/i/teamlogos/ncaa/500/167.png,10,0,-2.162131534092375,-0.4178906043926824,-1.7442409296996926,88,71,97,2.3273242945489527,0.3187471788395578,0.14149900248579927,0.5,0.14062714585927802,-0.7580234597011373,0.25531818664477196,0.05846359494976283,0.4672897196261682,0.10459813449716529,-0.011689275290720112,-0.04653805481529226,0.050681606994768605,0.04386578075605102,59,40,66,47,75,86,31,89,0.03743461792402636,2
2025,12,Kent State,Mid-American,https://a.espncdn.com/i/teamlogos/ncaa/500/2309.png,10,0,-2.2161976023007903,0.7549046391368878,-2.971102241437678,89,54,109,1.8486442855834337,0.24676082889644665,-0.0376393938773767,0.3017241379310345,-0.061599908269104234,-0.5209264351714882,0.29989080317042893,0.17699504241488764,0.5225225225225225,0.14890771592550114,-0.07494572065276683,0.025304944527689346,0.03476638935507794,0.045936395888597714,86,66,135,130,103,102,103,116,2.8145158794388094,22
2025,12,Georgia Southern,Sun Belt,https://a.espncdn.com/i/teamlogos/ncaa/500/290.png,10,0,-2.3760060066052544,1.3994712219597787,-3.775477228565033,90,49,122,2.717188481461586,0.24930454847211486,0.2312678696921819,0.5307692307692308,0.19017863010355335,0.09799808562581196,0.2908726276973901,0.27674516372280894,0.5757575757575758,0.2240510629764338,0.041518338820017625,0.07008595286025082,0.030835489040718235,0.05852595777950727,45,65,26,29,136,97,131,133,0.21622266791824796,5
2025,12,Florida Atlantic,American Athletic,https://a.espncdn.com/i/teamlogos/ncaa/500/2226.png,10,0,-2.484640324150112,-2.5924055132797323,0.10776518912962069,91,101,72,1.4733551518895924,0.2514197892627663,0.06945488760347157,0.5294117647058824,0.16276481666897652,-0.5277324934309162,0.1709030598493229,0.2618272324476521,0.5135135135135135,0.15248036663288178,-0.04082399011034903,0.06830199798892195,0.015643810156102007,-0.024093255685019254,103,64,105,30,101,54,130,113,0.29496655719232345,6
2025,12,Memphis,American Athletic,https://a.espncdn.com/i/teamlogos/ncaa/500/235.png,11,0,-2.6948765123596647,1.8358949414751295,-4.530771453834794,92,45,124,3.0090906653674114,0.20889451787972468,0.33578331934612166,0.5373134328358209,0.17952310312684389,-0.8760274251570698,0.3382823418508463,0.01651937552240899,0.4305555555555556,0.0731386446753573,0.11699065566173991,-0.04388919063816858,-0.014531713980000102,0.09355985842569765,34,76,6,27,59,116,15,60,-2.554217820243245,-25
2025,12,Oregon State,Pac-12,https://a.espncdn.com/i/teamlogos/ncaa/500/204.png,11,0,-2.7126909307974314,-3.3931740738236953,0.680483143026264,93,110,59,1.5723150169816469,0.1433432548026481,0.04688447590656931,0.44360902255639095,0.08480730751236648,-1.046096798011625,0.3067790207732552,0.0890371710987455,0.4435483870967742,0.0852790860491768,-0.05686192568051277,-0.0037466552472151357,-0.07094791593165715,0.03530221157826096,100,99,116,86,43,106,45,69,-0.6279377499827365,-4
2025,12,UCF,Big 12,https://a.espncdn.com/i/teamlogos/ncaa/500/2116.png,10,0,-2.7657008706130357,-3.905133010564236,1.1394321399512,94,114,51,1.321787130162222,0.12442784927967022,0.1911817088730324,0.46017699115044247,0.09305026853936846,-1.0126846025834206,0.10161002187545269,0.17012424706157966,0.44144144144144143,0.07199117536320548,0.012441231559388933,0.04625124784396387,-0.09902274494159768,-0.058826546376880534,110,112,38,76,44,24,98,68,0.1393086269186341,5
2025,12,Miami (OH),Mid-American,https://a.espncdn.com/i/teamlogos/ncaa/500/193.png,10,0,-2.7993321822745654,-4.351951905990001,1.5526197237154356,95,118,44,1.3618982858473705,0.12369551063020785,0.08254871688616527,0.40350877192982454,0.048094060253084756,-1.18262592396731,0.12933369632604835,0.1392421134768907,0.415929203539823,0.06820219350659494,-0.04351359685188436,0.012637955603469234,-0.055329814691216984,-0.04293443725611063,109,113,96,104,31,35,80,48,-1.9853074150252212,-22
2025,12,Minnesota,Big Ten,https://a.espncdn.com/i/teamlogos/ncaa/500/135.png,10,0,-2.900057965212503,-3.46221477155368,0.5621568063411769,96,111,62,1.9317945635256315,0.18022950030719484,0.05257202485163728,0.45871559633027525,0.09529217665490276,-1.3292613796191297,0.14630685285018033,0.14168745855396636,0.40186915887850466,0.05023677079371955,-0.06778858727596328,0.01596023226834224,-0.06130200374988149,-0.0037528090285446365,81,89,115,77,16,45,83,37,-1.2174305120780247,-13
2025,12,Michigan State,Big Ten,https://a.espncdn.com/i/teamlogos/ncaa/500/127.png,10,0,-2.963680672979672,2.0971114765038825,-5.060792149483555,97,41,127,2.841021151894107,0.14555745473634682,0.17908487394005398,0.3786407766990291,0.034135653379347194,0.05592932460254208,0.4146713867440923,0.3238350990462822,0.44565217391304346,0.09645931564220231,0.01655588146468102,0.05188376571460736,-0.036559782280592465,0.04593106683358403,39,98,46,115,134,128,135,71,-2.4373061305021295,-27
2025,12,South Carolina,SEC,https://a.espncdn.com/i/teamlogos/ncaa/500/2579.png,10,0,-2.975620123431406,-2.8680726121369986,-0.10754751129440739,98,103,80,1.277214178029354,0.08052549122524184,0.06521581681547979,0.4017857142857143,0.06078116786898721,-0.9377384649651039,0.24632998459034414,0.052288212657233796,0.38738738738738737,0.04136457804869735,-0.04192903758559828,-0.044356513456655026,-0.06669749100355687,0.012249619233737423,112,123,108,105,53,84,28,29,-0.9095514779780465,-11
2025,12,Virginia Tech,ACC,https://a.espncdn.com/i/teamlogos/ncaa/500/259.png,10,0,-2.9870649830149856,-0.6228178119685835,-2.364247171046402,99,74,101,1.9447295612217541,0.13889973604511016,0.21447106425624238,0.44642857142857145,0.08130790263480281,-0.49806090489784777,0.38506274416094666,0.207155191752764,0.5454545454545454,0.18108533434584276,0.05184939339130698,0.021670230083007534,-0.06448117875252303,0.06118083596276994,80,104,31,85,107,125,116,127,0.9319397270233782,6
2025,12,Northwestern,Big Ten,https://a.espncdn.com/i/teamlogos/ncaa/500/77.png,10,0,-3.021541720473752,-2.5993550894318327,-0.4221866310419193,100,102,84,1.578897694553581,0.13624682597270854,0.20565014682526475,0.5092592592592593,0.1503578425272631,-0.37134305061774936,0.19918769705532377,0.2377679928212606,0.44036697247706424,0.07614237444170967,0.015852623574726426,0.043829824500094657,-0.04926855689898447,0.008148717521294346,99,107,33,43,117,65,124,65,-2.5794218055817035,-31
2025,12,Baylor,Big 12,https://a.espncdn.com/i/teamlogos/ncaa/500/239.png,10,0,-3.0299781478561485,-0.2522248828758157,-2.777753264980333,101,68,106,2.216801177368791,0.30898852716715314,0.13201183269862646,0.5470085470085471,0.17814982009434233,-0.5192265485941298,0.18847187120078862,0.15294736658936184,0.4491525423728814,0.08235234675975481,-0.009333621827148707,0.010680853059375118,0.03244883829939287,7.208107487206497e-4,63,47,70,22,104,60,88,72,-0.9574574835952103,-13
2025,12,Troy,Sun Belt,https://a.espncdn.com/i/teamlogos/ncaa/500/2653.png,10,0,-3.1281985254697786,-3.1600394317910623,0.031840906321283495,102,106,75,1.4354847944710165,0.07240605377202064,0.04290691128882889,0.3739130434782609,0.019149231678542235,-1.27695164975222,0.1605358756578409,0.11675508508058269,0.3898305084745763,0.04750814037461912,-0.05841175907347354,0.009514585101790261,-0.10860135924623772,-0.003032096465418779,106,125,121,117,22,50,65,33,-0.8563945128213124,-11
2025,12,Stanford,ACC,https://a.espncdn.com/i/teamlogos/ncaa/500/24.png,10,0,-3.375569698927789,-3.117444766159303,-0.25812493276848625,103,105,83,0.918236310820946,0.14184267070295975,-0.024220506249122788,0.3884297520661157,0.05086160087175114,-0.6691009371939104,0.3367118622322952,0.04821671866923604,0.5357142857142857,0.1818155789942017,-0.08201702185342487,-0.049390860555335966,-0.03514481903847153,0.050312339957776855,122,100,132,112,89,114,26,121,0.4844905658166816,1
2025,12,West Virginia,Big 12,https://a.espncdn.com/i/teamlogos/ncaa/500/277.png,11,0,-3.4397528252446374,-4.14299774224713,0.7032449170024921,104,116,58,0.9279215095842186,0.17878340492760583,0.07521781750160765,0.3235294117647059,-0.022915328087902958,-1.197891365571282,0.33370429537409896,0.06855160040387255,0.47368421052631576,0.12118468655071525,-0.04894611531911457,-0.05213171644404636,-0.0010391811128109526,0.05367754627002312,121,90,102,128,28,112,35,91,-0.12375438421306839,-3
2025,12,UNLV,Mountain West,https://a.espncdn.com/i/teamlogos/ncaa/500/2439.png,10,0,-3.5227647131918065,2.370758769188046,-5.893523482379853,105,39,130,3.226699663914949,0.30416418376218296,0.35144889780103966,0.5043478260869565,0.14401716637813133,-0.15093385942733195,0.2213042674985272,0.2976950158701442,0.512396694214876,0.1484576725420353,0.10164536313097872,0.08643999892899218,0.03228710516968952,0.03505773907480731,25,49,3,45,128,70,134,112,-2.4283094473213693,-28
2025,12,Florida International,Conference USA,https://a.espncdn.com/i/teamlogos/ncaa/500/2229.png,10,0,-4.1137106880321745,-1.4365778469341004,-2.6771328410980746,106,84,105,1.6758609917964666,0.1223114227384427,0.1521976251532117,0.48507462686567165,0.12959108498265173,-0.8033549709806044,0.2264387967211649,0.18182854942625445,0.5111111111111111,0.14883151374010056,-0.011609296418960757,0.02337704430659793,-0.033809978233642346,0.005458072953400457,95,114,58,60,72,71,105,111,-0.18287819426933982,0
2025,12,Rutgers,Big Ten,https://a.espncdn.com/i/teamlogos/ncaa/500/164.png,10,0,-4.298600167691961,3.313936192402693,-7.612536360094654,107,30,134,3.0968911470264753,0.3102954420558043,0.15716320846366502,0.6326530612244898,0.2668444570484538,-0.18107434235024475,0.4317105039374608,0.28500799056205744,0.5047619047619047,0.14358304886911358,-0.00119388935779554,0.08546763219373492,0.03915476693934045,0.08681775897180007,31,43,56,4,125,130,132,108,-0.2026753654003146,0
2025,12,UTEP,Conference USA,https://a.espncdn.com/i/teamlogos/ncaa/500/2638.png,10,0,-4.408962568467956,-8.281797164774856,3.8728345963069,108,134,19,0.0853916883972221,-0.05200446047961526,0.09661295415210028,0.33587786259541985,-0.004261613091060214,-1.2500543939014737,0.14328833406710373,0.02771336843098405,0.4406779661016949,0.08858410116469645,-0.024055464916583568,-0.03879740269235235,-0.1820521365947128,-0.022331578621162664,135,135,87,126,25,42,17,66,1.309559301297769,5
2025,12,Northern Illinois,Mid-American,https://a.espncdn.com/i/teamlogos/ncaa/500/2459.png,10,0,-4.481679534828782,-3.270579988378272,-1.2110995464505099,109,108,92,0.8422874839719219,-0.01451306183335589,0.12690556947904286,0.3090909090909091,-0.024974885017775474,-0.9111783065245522,0.1885418294356747,0.0922327320683378,0.4368932038834951,0.09025017859484019,0.004365018303277128,0.0015656206273219357,-0.08388512825003838,0.01850788695282069,125,131,73,129,57,61,48,62,4.66625131237449,23
2025,12,Rice,American Athletic,https://a.espncdn.com/i/teamlogos/ncaa/500/242.png,10,0,-4.844065194777125,-4.877402390204005,0.03333719542688043,110,124,74,1.4625607837171815,0.13298629368691242,0.039516801180597576,0.44715447154471544,0.08408160884186759,-0.7308974700376334,0.24643433831241096,0.1309761661949832,0.4959349593495935,0.13474353586724777,-0.09463409392743438,-0.01772743965368601,-0.053885665859247145,0.03239121446033248,105,110,124,82,80,85,73,101,-0.21951677030693162,-2
2025,12,Liberty,Conference USA,https://a.espncdn.com/i/teamlogos/ncaa/500/2335.png,10,0,-5.118829806651084,-2.300831420693398,-2.817998385957685,111,94,107,1.4880368565053244,0.18209858882015884,0.17777205152031988,0.4174757281553398,0.06454841960580385,-0.5072778126193478,0.1875339909821574,0.1621526120676435,0.4020618556701031,0.03949769705611556,0.029643595696455832,0.020877070948757476,-0.013709378556928442,0.018789825991192284,102,88,48,96,106,59,93,38,1.024692779051935,4
2025,12,Nevada,Mountain West,https://a.espncdn.com/i/teamlogos/ncaa/500/2440.png,10,0,-5.397275045220125,-5.23054106590327,-0.1667339793168551,112,125,81,0.5352939489699886,-0.02007996469960518,0.07241797909763092,0.39805825242718446,0.03336933702486174,-0.8105938997924952,0.1467814668107159,0.19256473475113883,0.39814814814814814,0.044817197986845636,-0.04283030867176272,0.02252055256119358,-0.089861915425096,-0.024923257141178108,130,132,104,108,71,46,108,34,2.441389835079205,13
2025,12,Syracuse,ACC,https://a.espncdn.com/i/teamlogos/ncaa/500/183.png,10,0,-5.65984124563196,-2.3014427977150183,-3.358398447916942,113,95,114,1.630089835227089,0.19540629511230218,0.06260224743408728,0.3875968992248062,0.03035974392150494,-0.509738792483985,0.37936176877095606,0.1268529232003613,0.4152542372881356,0.062479225733888345,-0.0186721793711365,-0.002201376084621303,-0.05864865731595674,0.07761864277442214,97,81,112,113,105,124,71,47,0.08999376397176118,1
2025,12,UL Monroe,Sun Belt,https://a.espncdn.com/i/teamlogos/ncaa/500/2433.png,10,0,-5.800200908435718,-3.2142431117582797,-2.5859577966774383,114,107,104,1.6816501683825533,0.1410821594049528,0.05707251814130392,0.2857142857142857,-0.057144952824896546,-0.916570641417955,0.3601663500409494,0.11364829554804812,0.5,0.14096480414741455,-0.06725245359247364,0.001930351256569294,-0.05901430875396493,0.08881236009607428,94,101,114,135,56,119,63,103,-2.0667434426273363,-12
2025,12,Wisconsin,Big Ten,https://a.espncdn.com/i/teamlogos/ncaa/500/275.png,10,0,-5.856410593342899,-6.9005360642167695,1.0441254708738705,115,130,52,0.026097652702799297,0.01064219810640773,0.038736664315544934,0.2761904761904762,-0.08674199751816497,-1.0612149376696927,0.3353543260700679,0.04856258626971765,0.47,0.1200850462677099,-0.05651967173989199,-0.0500424582829771,-0.08961495186486546,0.026553640521880136,136,127,125,136,40,113,27,90,0.9536102353971456,3
2025,12,Louisiana,Sun Belt,https://a.espncdn.com/i/teamlogos/ncaa/500/309.png,10,0,-5.911475200420288,-2.940378958487322,-2.9710962419329663,116,104,108,1.1888224402532996,0.13522109824855896,0.1582547525520068,0.48672566371681414,0.13560868961342679,0.02468139808260243,0.27586797170502225,0.19570818027720213,0.5087719298245614,0.1449691439682365,-0.0036419889796036413,0.036635288765817065,-0.009580143928982184,0.0391713337458335,116,108,55,57,133,93,111,109,0.6868610603508989,1
2025,12,Maryland,Big Ten,https://a.espncdn.com/i/teamlogos/ncaa/500/120.png,10,0,-6.005876474139847,-6.364818044700158,0.3589415705603109,117,128,68,0.8009318468873695,0.16977037562651193,0.04414346391463945,0.36036036036036034,0.00662809868685768,-1.4395737381908973,0.058332244516607144,0.12187315913273304,0.4322033898305085,0.07452549522427873,-0.03247458738156895,0.01028796028144748,-0.07925168897049181,-0.05293119804863949,127,92,120,121,10,16,68,61,0.9241559933600358,3
2025,12,Buffalo,Mid-American,https://a.espncdn.com/i/teamlogos/ncaa/500/2084.png,10,0,-6.525486711151296,-7.425711875771298,0.9002251646200016,118,132,54,0.8671984407174532,0.0028994106383567605,0.06355981867812165,0.2956521739130435,-0.0670044629090414,-1.0481169524181846,0.20835497994043337,0.05340528627860497,0.373015873015873,0.010315191544138689,-0.05393597053478623,-0.035415821238634966,-0.17271903370114278,-0.0010778590108893361,124,128,110,131,42,68,29,25,-1.8089194611188173,-9
2025,12,New Mexico State,Conference USA,https://a.espncdn.com/i/teamlogos/ncaa/500/166.png,10,0,-6.699055115343594,-8.350633376295244,1.65157826095165,119,135,42,0.3632904143372344,0.06537644830344551,-0.029889151958874528,0.40476190476190477,0.04321485447925165,-1.2016748155429338,0.24059600420157448,-0.021234328661756167,0.4126984126984127,0.0606363469261417,-0.07634089898215608,-0.05537562811604452,-0.1535336843437566,0.005044919987787632,131,126,134,102,27,81,8,44,0.8965826996256929,2
2025,12,App State,Sun Belt,https://a.espncdn.com/i/teamlogos/ncaa/500/2026.png,10,0,-6.754994608190856,-4.7034974271620875,-2.0514971810287688,120,122,99,1.4653477513003688,0.10301327475477748,0.10551545086224777,0.43609022556390975,0.09264955874752051,-0.7146692636718966,0.2805499284647009,0.1256237849496343,0.5234375,0.17558580999618395,-0.049162619076036376,0.003343493188468974,-0.05559701420055376,0.029442676321553497,104,120,85,90,82,95,70,117,0.07801490506248143,-1
2025,12,Bowling Green,Mid-American,https://a.espncdn.com/i/teamlogos/ncaa/500/189.png,10,0,-6.780180270627593,-5.5404119104089204,-1.2397683602186724,121,126,93,0.7125158017075048,-0.05633745376458339,0.03964962040358638,0.2909090909090909,-0.07764241209768243,-0.8438215706247791,0.25749838566413236,0.03414728840957,0.3619047619047619,-0.006204876846624625,-0.05790685951457165,-0.024372261583414087,-0.12963933461211505,0.016010198379657465,128,136,123,134,67,89,20,22,0.8750443575094531,1
2025,12,Boston College,ACC,https://a.espncdn.com/i/teamlogos/ncaa/500/103.png,11,0,-6.848902677673546,-1.3667296907827242,-5.482172986890823,122,81,128,1.7352750005067141,0.19373805143948605,0.08651620504933771,0.4961832061068702,0.1394161672031702,-0.21682185683304148,0.36447510808038286,0.18802164865512536,0.5354330708661418,0.1728513568671586,-0.02512245846051175,0.06185816314421252,-0.04958005504985886,0.1015141946586276,91,83,94,49,122,120,107,120,1.3389401053226564,6
2025,12,Eastern Michigan,Mid-American,https://a.espncdn.com/i/teamlogos/ncaa/500/2199.png,11,0,-7.020561233476355,-3.3385170678126026,-3.682044165663753,123,109,121,1.7331816721036961,0.2642804426087663,0.1281864101569428,0.4573643410852713,0.12117430782994977,-0.27954893200470887,0.29699228745405704,0.20316571257826532,0.5193798449612403,0.18472723555238577,-0.023444656088026802,0.03227533293026874,0.0252138771281575,0.033630668733466686,92,59,72,78,119,100,112,115,0.6631281111747942,0
2025,12,Akron,Mid-American,https://a.espncdn.com/i/teamlogos/ncaa/500/2006.png,11,0,-7.422760966904844,-2.5206460235153654,-4.9021149433894795,124,99,126,1.7033641821584973,0.1645497430030132,0.040304136498163015,0.34615384615384615,-0.018012667776633996,-0.39000756090450595,0.22670495818950856,0.15305760234826124,0.4262295081967213,0.06040373064316282,-0.041321712663628066,0.03139841545619389,-0.03095590787903449,0.03310557218573836,93,95,122,123,115,72,89,56,-2.6163263010570255,-14
2025,12,Charlotte,American Athletic,https://a.espncdn.com/i/teamlogos/ncaa/500/2429.png,10,0,-7.512233677655304,-6.498684784963354,-1.01354889269195,125,129,90,0.6240360314953772,0.09304114904118935,-0.054615517674096184,0.3983050847457627,0.042028268067844224,-0.26103021586706143,0.33958975134680847,0.20620985729906224,0.5636363636363636,0.19102016899110125,-0.11214161294579778,0.05330203373425002,-0.10313542220776832,0.02520362761794602,129,121,136,106,120,117,114,130,0.8963081335536716,4
2025,12,Arkansas State,Sun Belt,https://a.espncdn.com/i/teamlogos/ncaa/500/2032.png,10,0,-7.587462627462926,-4.502714824140388,-3.084747803322539,126,120,113,1.2659400875518032,0.169947808247726,0.005958110824859153,0.48333333333333334,0.10151597809225262,-0.3344999291171263,0.279462536272744,0.13953779032785932,0.45,0.07925834252590364,-0.07994254126991866,-0.005518092075151012,-0.048213032027725776,0.014303333040480082,113,91,129,62,118,94,81,73,0.23890896034946607,-2
2025,12,Colorado State,Mountain West,https://a.espncdn.com/i/teamlogos/ncaa/500/36.png,10,0,-7.903118511047772,-6.188440728508239,-1.7146777825395332,127,127,96,1.0109542215272214,0.13737552586375038,0.10568100370454489,0.3761467889908257,0.029750148156097594,-0.6270881098255576,0.3277115273888721,0.17862885444217277,0.5,0.14489717857386153,-0.04741240784142914,0.04131577094418419,-0.06447101609151708,0.05736460806855486,119,106,84,116,96,110,104,103,0.1557086200996256,0
2025,12,Middle Tennessee,Conference USA,https://a.espncdn.com/i/teamlogos/ncaa/500/2393.png,10,0,-7.937599147691543,-2.3318866248147683,-5.605712522876775,128,96,129,1.2125279606110788,0.1656236293680966,0.04602320341480279,0.408,0.042423543388348105,-0.9263125645345055,0.428969338372939,0.07152025472239913,0.4957983193277311,0.1342264544350831,-0.04516095627292364,-0.013519801742320769,-0.022611941701626375,0.10758462207524709,115,94,117,100,55,129,39,99,1.7566056790950775,6
2025,12,Tulsa,American Athletic,https://a.espncdn.com/i/teamlogos/ncaa/500/202.png,10,0,-8.097043796107464,-4.16293210862624,-3.9341116874812245,129,117,123,1.0726763997029154,0.156518895061159,0.098284580152108,0.44715447154471544,0.08791035495661677,-0.8184616793370528,0.2745735298013377,0.06317129927193499,0.488,0.11537360983825991,-0.010671627385954858,-0.049276332339368914,-0.06769429176732474,0.0675840383384442,118,96,86,82,69,91,33,97,1.5143411779730194,4
2025,12,UAB,American Athletic,https://a.espncdn.com/i/teamlogos/ncaa/500/5.png,10,0,-8.327597929337724,-2.390973661436143,-5.936624267901581,130,97,133,2.2685404929209025,0.2584459457696686,0.17848280959374133,0.514018691588785,0.15192587603226002,-0.21310875258960393,0.5177984249611608,0.2205113252064708,0.6122448979591837,0.2443757304561126,0.012585788534164024,0.028981220701886603,-0.024535899837291233,0.10630256007403192,61,62,47,40,123,135,119,135,-3.1380036658587356,-18
2025,12,Ball State,Mid-American,https://a.espncdn.com/i/teamlogos/ncaa/500/2050.png,10,0,-8.700594046219045,-7.185002222485284,-1.5155918237337613,131,131,94,0.9668579465676937,-0.003937663774414797,0.03321752154091071,0.29464285714285715,-0.0718835191838876,-0.719838245332213,0.25705418431101756,0.17060705234900916,0.48598130841121495,0.11936922243681639,-0.07598323874067173,0.004635897566217242,-0.1424668594982264,0.02706495223825837,120,129,127,132,81,88,99,96,-0.0679717835363487,-1
2025,12,Sam Houston,Conference USA,https://a.espncdn.com/i/teamlogos/ncaa/500/2534.png,10,0,-8.710910145157465,-3.94837574822427,-4.762534396933195,132,115,125,0.2909174993336174,-0.04200960588816102,0.06785393547499975,0.33636363636363636,-0.030744146651973475,-0.46416509021199465,0.30337000565366484,0.2416251128870352,0.5436893203883495,0.17580335538289785,-0.008700777499826886,0.07550057252722137,-0.13731521395598792,0.010517977805665124,132,134,106,125,108,105,126,125,-0.023306847956103383,-1
2025,12,Georgia State,Sun Belt,https://a.espncdn.com/i/teamlogos/ncaa/500/2247.png,10,0,-9.54913892035331,-1.375029784902052,-8.174109135451257,133,82,135,2.132712521523007,0.3093698022830309,0.0877666752436587,0.4051724137931034,0.051391656810616415,0.018328827562638157,0.44492912717906286,0.24111809452441507,0.6176470588235294,0.2650707652875611,-0.017538554061890997,0.03448189042061085,0.00946766329261187,0.12363381628227275,68,45,92,101,131,133,125,136,-3.3743042057177517,-17
2025,12,Purdue,Big Ten,https://a.espncdn.com/i/teamlogos/ncaa/500/2509.png,11,0,-10.745595443575649,-4.827943461588825,-5.917651981986824,134,123,131,1.283705296139688,0.11615286240319592,0.1390887526402001,0.5,0.14363937646868985,-0.6640830973009529,0.37834365334506587,0.16807117459759707,0.543859649122807,0.1943133299013536,-0.00798252714081371,0.027820867725450206,-0.07784345504956469,0.06387523471083088,111,117,67,47,91,123,97,126,-2.7642313438503727,-8
2025,12,Oklahoma State,Big 12,https://a.espncdn.com/i/teamlogos/ncaa/500/197.png,10,0,-11.18069725379639,-7.499493549681179,-3.681203704115211,135,133,120,0.2192214147542548,-0.02405098240975883,-0.025966276421607454,0.34782608695652173,-0.022144110351053833,-0.22572388131542268,0.4682058521757271,0.12995527308277105,0.5714285714285714,0.1981016693566577,-0.09730761411364713,-0.009360448177632767,-0.13684326097289706,0.10970672924806768,133,133,133,122,121,134,72,132,0.6466492776389483,0
2025,12,Massachusetts,Mid-American,https://a.espncdn.com/i/teamlogos/ncaa/500/113.png,10,0,-16.795907957075173,-8.50356360020922,-8.29234435686595,136,136,136,0.12203704801835236,-0.01294712745615949,-0.017006076699036938,0.3418803418803419,-0.020741446319083746,-0.3822440400530246,0.43619525496334627,0.1495632388729293,0.5514018691588785,0.19275921539536447,-0.0841759923077866,0.0385785518969088,-0.14368309799428616,0.1511103596366721,134,130,131,124,116,131,87,128,-2.7669287982687543,0
